{
    "install": "messages/install.txt",
    "0.2.5": "messages/0.2.5.txt",
    "0.2.6": "messages/0.2.6.txt",
    "0.3.1": "messages/0.3.0.txt",
    "0.3.3": "messages/0.3.3.txt",
    "0.3.7": "messages/0.3.7.txt",
    "0.3.11": "messages/0.3.11.txt",
    "0.4.0": "messages/0.4.0.txt",
    "0.4.2": "messages/0.4.2.txt",
    "0.4.3": "messages/0.4.3.txt",
    "0.4.6": "messages/0.4.6.txt",
    "0.5.2": "messages/0.5.0.txt",
    "0.5.3": "messages/0.5.3.txt",
    "0.5.6": "messages/0.5.6.txt",
    "0.6.0": "messages/0.6.0.txt",
    "0.7.0": "messages/0.7.0.txt",
    "0.7.1": "messages/0.7.1.txt",
    "0.7.2": "messages/0.7.2.txt",
    "0.7.4": "messages/0.7.4.txt",
    "0.7.7": "messages/0.7.7.txt",
    "0.7.11": "messages/0.7.11.txt",
    "0.7.13": "messages/0.7.13.txt",
    "0.7.14": "messages/0.7.14.txt",
    "0.8.0": "messages/0.8.0.txt",
    "0.8.2": "messages/0.8.2.txt",
    "0.8.3": "messages/0.8.3.txt"
}
